Round,Clients,Latent Dim,Hidden Dim,Rounds,Epochs,Batch Size,Learning Rate,Gamma,Step,fraction-fit,Strategy,Recon Weight,Class Weight,KLD Weight,Beta VAE,Proximal Mu,Eta Adagrad,Eta Adam,Beta 1,Beta 2,Patience,Min Delta,Accuracy,F1 Score,Precision,Recall,Train Loss
1,7,10,512,100,5,32,0.01,0.1,10,1.0,fedadam,0.0,0.0,0.0,0.0,0.0,0.0,0.001,0.9,0.99,15,0.0,0.062071702145231555,0.011370204405461984,0.0064605609286998,0.062071702145231555,7.056478636605399
2,7,10,512,100,5,32,0.01,0.1,10,1.0,fedadam,0.0,0.0,0.0,0.0,0.0,0.0,0.001,0.9,0.99,15,0.0,0.062071702145231555,0.011370204405461984,0.0064605609286998,0.062071702145231555,7.055827379226685
3,7,10,512,100,5,32,0.01,0.1,10,1.0,fedadam,0.0,0.0,0.0,0.0,0.0,0.0,0.001,0.9,0.99,15,0.0,0.06207170214523156,0.011370204405461984,0.006460560928699801,0.06207170214523156,7.055149793624878
4,7,10,512,100,5,32,0.01,0.1,10,1.0,fedadam,0.0,0.0,0.0,0.0,0.0,0.0,0.001,0.9,0.99,15,0.0,0.062071702145231555,0.011370204405461984,0.006460560928699801,0.062071702145231555,7.054288591657366
5,7,10,512,100,5,32,0.01,0.1,10,1.0,fedadam,0.0,0.0,0.0,0.0,0.0,0.0,0.001,0.9,0.99,15,0.0,0.062071702145231555,0.011370204405461984,0.0064605609286998,0.062071702145231555,7.053582872663226
6,7,10,512,100,5,32,0.01,0.1,10,1.0,fedadam,0.0,0.0,0.0,0.0,0.0,0.0,0.001,0.9,0.99,15,0.0,0.06207170214523156,0.011370204405461984,0.0064605609286998,0.06207170214523156,7.053147418158395
7,7,10,512,100,5,32,0.01,0.1,10,1.0,fedadam,0.0,0.0,0.0,0.0,0.0,0.0,0.001,0.9,0.99,15,0.0,0.06207170214523156,0.011370204405461989,0.006460560928699801,0.06207170214523156,7.052617720195225
8,7,10,512,100,5,32,0.01,0.1,10,1.0,fedadam,0.0,0.0,0.0,0.0,0.0,0.0,0.001,0.9,0.99,15,0.0,0.06207170214523156,0.011370204405461984,0.0064605609286998,0.06207170214523156,7.0521778379167825
9,7,10,512,100,5,32,0.01,0.1,10,1.0,fedadam,0.0,0.0,0.0,0.0,0.0,0.0,0.001,0.9,0.99,15,0.0,0.062071702145231555,0.011370204405461987,0.006460560928699801,0.062071702145231555,7.051909140178135
10,7,10,512,100,5,32,0.01,0.1,10,1.0,fedadam,0.0,0.0,0.0,0.0,0.0,0.0,0.001,0.9,0.99,15,0.0,0.062071702145231555,0.011370204405461984,0.0064605609286998,0.062071702145231555,7.051610946655273
11,7,10,512,100,5,32,0.01,0.1,10,1.0,fedadam,0.0,0.0,0.0,0.0,0.0,0.0,0.001,0.9,0.99,15,0.0,0.062071702145231555,0.011370204405461987,0.006460560928699801,0.062071702145231555,7.051405055182321
12,7,10,512,100,5,32,0.01,0.1,10,1.0,fedadam,0.0,0.0,0.0,0.0,0.0,0.0,0.001,0.9,0.99,15,0.0,0.06207170214523156,0.011370204405461984,0.0064605609286998,0.06207170214523156,7.051216772624424
13,7,10,512,100,5,32,0.01,0.1,10,1.0,fedadam,0.0,0.0,0.0,0.0,0.0,0.0,0.001,0.9,0.99,15,0.0,0.06207170214523156,0.011370204405461984,0.0064605609286998,0.06207170214523156,7.050991841724941
14,7,10,512,100,5,32,0.01,0.1,10,1.0,fedadam,0.0,0.0,0.0,0.0,0.0,0.0,0.001,0.9,0.99,15,0.0,0.062071702145231555,0.011370204405461987,0.006460560928699801,0.062071702145231555,7.050744840076992
15,7,10,512,100,5,32,0.01,0.1,10,1.0,fedadam,0.0,0.0,0.0,0.0,0.0,0.0,0.001,0.9,0.99,15,0.0,0.062071702145231555,0.011370204405461984,0.0064605609286998,0.062071702145231555,7.050415447780064
16,7,10,512,100,5,32,0.01,0.1,10,1.0,fedadam,0.0,0.0,0.0,0.0,0.0,0.0,0.001,0.9,0.99,15,0.0,0.062071702145231555,0.011370204405461987,0.006460560928699801,0.062071702145231555,7.050102438245501
17,7,10,512,100,5,32,0.01,0.1,10,1.0,fedadam,0.0,0.0,0.0,0.0,0.0,0.0,0.001,0.9,0.99,15,0.0,0.06207170214523156,0.011370204405461987,0.0064605609286998,0.06207170214523156,7.049782037734985
18,7,10,512,100,5,32,0.01,0.1,10,1.0,fedadam,0.0,0.0,0.0,0.0,0.0,0.0,0.001,0.9,0.99,15,0.0,0.06207170214523156,0.011370204405461984,0.0064605609286998,0.06207170214523156,7.0494634083339145
1,7,10,512,100,5,32,0.01,0.1,10,1.0,fedadam,0.0,0.0,0.0,0.0,0.0,0.0,0.01,0.9,0.99,15,0.0,0.06207170214523156,0.011370204405461984,0.0064605609286998,0.06207170214523156,7.059277330126081
2,7,10,512,100,5,32,0.01,0.1,10,1.0,fedadam,0.0,0.0,0.0,0.0,0.0,0.0,0.01,0.9,0.99,15,0.0,0.062071702145231555,0.011370204405461984,0.0064605609286998,0.062071702145231555,7.076990706580026
3,7,10,512,100,5,32,0.01,0.1,10,1.0,fedadam,0.0,0.0,0.0,0.0,0.0,0.0,0.01,0.9,0.99,15,0.0,0.062071702145231555,0.011370204405461984,0.006460560928699801,0.062071702145231555,7.083459683826992
4,7,10,512,100,5,32,0.01,0.1,10,1.0,fedadam,0.0,0.0,0.0,0.0,0.0,0.0,0.01,0.9,0.99,15,0.0,0.06207170214523156,0.011370204405461987,0.006460560928699801,0.06207170214523156,7.070617880140032
5,7,10,512,100,5,32,0.01,0.1,10,1.0,fedadam,0.0,0.0,0.0,0.0,0.0,0.0,0.01,0.9,0.99,15,0.0,0.06207170214523156,0.011370204405461984,0.0064605609286998,0.06207170214523156,7.076033864702497
6,7,10,512,100,5,32,0.01,0.1,10,1.0,fedadam,0.0,0.0,0.0,0.0,0.0,0.0,0.01,0.9,0.99,15,0.0,0.062071702145231555,0.011370204405461984,0.0064605609286998,0.062071702145231555,7.103164264133999
7,7,10,512,100,5,32,0.01,0.1,10,1.0,fedadam,0.0,0.0,0.0,0.0,0.0,0.0,0.01,0.9,0.99,15,0.0,0.06207170214523156,0.011370204405461987,0.006460560928699801,0.06207170214523156,7.150841576712472
8,7,10,512,100,5,32,0.01,0.1,10,1.0,fedadam,0.0,0.0,0.0,0.0,0.0,0.0,0.01,0.9,0.99,15,0.0,0.07350027357380298,0.02669393456826612,0.029365612400990483,0.07350027357380298,7.23541876247951
9,7,10,512,100,5,32,0.01,0.1,10,1.0,fedadam,0.0,0.0,0.0,0.0,0.0,0.0,0.01,0.9,0.99,15,0.0,0.13332711340064282,0.07173680005420961,0.061569604627843236,0.13332711340064282,7.3531665461403986
10,7,10,512,100,5,32,0.01,0.1,10,1.0,fedadam,0.0,0.0,0.0,0.0,0.0,0.0,0.01,0.9,0.99,15,0.0,0.12468892593892593,0.0773693454995976,0.06413743973358774,0.12468892593892593,7.528651680265154
11,7,10,512,100,5,32,0.01,0.1,10,1.0,fedadam,0.0,0.0,0.0,0.0,0.0,0.0,0.01,0.9,0.99,15,0.0,0.1381246687864335,0.07280308149809474,0.07458585794782038,0.1381246687864335,7.80891524042402
12,7,10,512,100,5,32,0.01,0.1,10,1.0,fedadam,0.0,0.0,0.0,0.0,0.0,0.0,0.01,0.9,0.99,15,0.0,0.14475345666522138,0.07219306341346066,0.07229141209248091,0.14475345666522138,8.233925070081439
13,7,10,512,100,5,32,0.01,0.1,10,1.0,fedadam,0.0,0.0,0.0,0.0,0.0,0.0,0.01,0.9,0.99,15,0.0,0.1770586514704162,0.09363900129925726,0.07789475188140185,0.1770586514704162,8.848099504198347
14,7,10,512,100,5,32,0.01,0.1,10,1.0,fedadam,0.0,0.0,0.0,0.0,0.0,0.0,0.01,0.9,0.99,15,0.0,0.21135516245810362,0.1288540661290267,0.1163820355803262,0.21135516245810362,9.464513846806117
15,7,10,512,100,5,32,0.01,0.1,10,1.0,fedadam,0.0,0.0,0.0,0.0,0.0,0.0,0.01,0.9,0.99,15,0.0,0.1548562447091859,0.05781879929726174,0.046414365666239785,0.1548562447091859,10.302734647478376
16,7,10,512,100,5,32,0.01,0.1,10,1.0,fedadam,0.0,0.0,0.0,0.0,0.0,0.0,0.01,0.9,0.99,15,0.0,0.12127161921279568,0.030005366521638703,0.017342218213187117,0.12127161921279568,11.902969905308314
17,7,10,512,100,5,32,0.01,0.1,10,1.0,fedadam,0.0,0.0,0.0,0.0,0.0,0.0,0.01,0.9,0.99,15,0.0,0.12127161921279568,0.030005366521638703,0.017342218213187117,0.12127161921279568,14.606651169913155
18,7,10,512,100,5,32,0.01,0.1,10,1.0,fedadam,0.0,0.0,0.0,0.0,0.0,0.0,0.01,0.9,0.99,15,0.0,0.1212716192127957,0.030005366521638703,0.017342218213187117,0.1212716192127957,17.841666221618652
19,7,10,512,100,5,32,0.01,0.1,10,1.0,fedadam,0.0,0.0,0.0,0.0,0.0,0.0,0.01,0.9,0.99,15,0.0,0.12127161921279568,0.030005366521638703,0.017342218213187113,0.12127161921279568,20.666891847337997
20,7,10,512,100,5,32,0.01,0.1,10,1.0,fedadam,0.0,0.0,0.0,0.0,0.0,0.0,0.01,0.9,0.99,15,0.0,0.12127161921279568,0.030005366521638703,0.017342218213187117,0.12127161921279568,23.37581021445138
21,7,10,512,100,5,32,0.01,0.1,10,1.0,fedadam,0.0,0.0,0.0,0.0,0.0,0.0,0.01,0.9,0.99,15,0.0,0.12127161921279568,0.030005366521638703,0.017342218213187117,0.12127161921279568,25.19703435897827
22,7,10,512,100,5,32,0.01,0.1,10,1.0,fedadam,0.0,0.0,0.0,0.0,0.0,0.0,0.01,0.9,0.99,15,0.0,0.13406119450237095,0.04447558890075635,0.03423582228393338,0.13406119450237095,26.23127794265747
23,7,10,512,100,5,32,0.01,0.1,10,1.0,fedadam,0.0,0.0,0.0,0.0,0.0,0.0,0.01,0.9,0.99,15,0.0,0.17228040110393053,0.07347351514850782,0.057557627392654125,0.17228040110393053,26.734482288360596
24,7,10,512,100,5,32,0.01,0.1,10,1.0,fedadam,0.0,0.0,0.0,0.0,0.0,0.0,0.01,0.9,0.99,15,0.0,0.1861846950082244,0.08920396131484913,0.0762650173606925,0.1861846950082244,29.460229192461288
25,7,10,512,100,5,32,0.01,0.1,10,1.0,fedadam,0.0,0.0,0.0,0.0,0.0,0.0,0.01,0.9,0.99,15,0.0,0.18618469500822443,0.08746978779970518,0.07441181634203217,0.18618469500822443,34.0346245765686
26,7,10,512,100,5,32,0.01,0.1,10,1.0,fedadam,0.0,0.0,0.0,0.0,0.0,0.0,0.01,0.9,0.99,15,0.0,0.18618469500822443,0.08899364018761287,0.07694312021262176,0.18618469500822443,40.584176199776785
27,7,10,512,100,5,32,0.01,0.1,10,1.0,fedadam,0.0,0.0,0.0,0.0,0.0,0.0,0.01,0.9,0.99,15,0.0,0.18618469500822443,0.08851187483189793,0.07568113708161515,0.18618469500822443,47.91072831835066
28,7,10,512,100,5,32,0.01,0.1,10,1.0,fedadam,0.0,0.0,0.0,0.0,0.0,0.0,0.01,0.9,0.99,15,0.0,0.177256123579653,0.08068890842174666,0.06723687580121943,0.177256123579653,57.8992599759783
29,7,10,512,100,5,32,0.01,0.1,10,1.0,fedadam,0.0,0.0,0.0,0.0,0.0,0.0,0.01,0.9,0.99,15,0.0,0.17988862621215565,0.08400030796417506,0.08309718215044862,0.17988862621215565,74.78151185171944
1,7,10,512,100,5,32,0.01,0.1,5,1.0,fedadam,0.0,0.0,0.0,0.0,0.0,0.0,0.001,0.9,0.99,15,0.0,0.06207170214523156,0.011370204405461987,0.0064605609286998,0.06207170214523156,7.056478636605399
2,7,10,512,100,5,32,0.01,0.1,5,1.0,fedadam,0.0,0.0,0.0,0.0,0.0,0.0,0.001,0.9,0.99,15,0.0,0.06207170214523156,0.011370204405461984,0.006460560928699801,0.06207170214523156,7.055803128651211
3,7,10,512,100,5,32,0.01,0.1,5,1.0,fedadam,0.0,0.0,0.0,0.0,0.0,0.0,0.001,0.9,0.99,15,0.0,0.062071702145231555,0.011370204405461987,0.006460560928699801,0.062071702145231555,7.055272340774536
4,7,10,512,100,5,32,0.01,0.1,5,1.0,fedadam,0.0,0.0,0.0,0.0,0.0,0.0,0.001,0.9,0.99,15,0.0,0.06207170214523156,0.011370204405461984,0.0064605609286998,0.06207170214523156,7.054599625723703
5,7,10,512,100,5,32,0.01,0.1,5,1.0,fedadam,0.0,0.0,0.0,0.0,0.0,0.0,0.001,0.9,0.99,15,0.0,0.062071702145231555,0.011370204405461984,0.0064605609286998,0.062071702145231555,7.053767272404262
6,7,10,512,100,5,32,0.01,0.1,5,1.0,fedadam,0.0,0.0,0.0,0.0,0.0,0.0,0.001,0.9,0.99,15,0.0,0.06207170214523156,0.011370204405461987,0.0064605609286998,0.06207170214523156,7.053191014698574
7,7,10,512,100,5,32,0.01,0.1,5,1.0,fedadam,0.0,0.0,0.0,0.0,0.0,0.0,0.001,0.9,0.99,15,0.0,0.062071702145231555,0.011370204405461987,0.006460560928699801,0.062071702145231555,7.052655424390521
8,7,10,512,100,5,32,0.01,0.1,5,1.0,fedadam,0.0,0.0,0.0,0.0,0.0,0.0,0.001,0.9,0.99,15,0.0,0.062071702145231555,0.011370204405461987,0.006460560928699801,0.062071702145231555,7.0522899968283514
9,7,10,512,100,5,32,0.01,0.1,5,1.0,fedadam,0.0,0.0,0.0,0.0,0.0,0.0,0.001,0.9,0.99,15,0.0,0.06207170214523156,0.011370204405461984,0.0064605609286998,0.06207170214523156,7.051991122109549
10,7,10,512,100,5,32,0.01,0.1,5,1.0,fedadam,0.0,0.0,0.0,0.0,0.0,0.0,0.001,0.9,0.99,15,0.0,0.062071702145231555,0.011370204405461984,0.006460560928699801,0.062071702145231555,7.051654441016061
11,7,10,512,100,5,32,0.01,0.1,5,1.0,fedadam,0.0,0.0,0.0,0.0,0.0,0.0,0.001,0.9,0.99,15,0.0,0.06207170214523156,0.011370204405461987,0.006460560928699801,0.06207170214523156,7.051305225917271
12,7,10,512,100,5,32,0.01,0.1,5,1.0,fedadam,0.0,0.0,0.0,0.0,0.0,0.0,0.001,0.9,0.99,15,0.0,0.06207170214523156,0.011370204405461987,0.006460560928699801,0.06207170214523156,7.051084211894444
13,7,10,512,100,5,32,0.01,0.1,5,1.0,fedadam,0.0,0.0,0.0,0.0,0.0,0.0,0.001,0.9,0.99,15,0.0,0.06207170214523156,0.011370204405461987,0.0064605609286998,0.06207170214523156,7.050882237298148
14,7,10,512,100,5,32,0.01,0.1,5,1.0,fedadam,0.0,0.0,0.0,0.0,0.0,0.0,0.001,0.9,0.99,15,0.0,0.062071702145231555,0.011370204405461984,0.0064605609286998,0.062071702145231555,7.050652810505459
15,7,10,512,100,5,32,0.01,0.1,5,1.0,fedadam,0.0,0.0,0.0,0.0,0.0,0.0,0.001,0.9,0.99,15,0.0,0.06207170214523156,0.011370204405461984,0.0064605609286998,0.06207170214523156,7.050363200051444
16,7,10,512,100,5,32,0.01,0.1,5,1.0,fedadam,0.0,0.0,0.0,0.0,0.0,0.0,0.001,0.9,0.99,15,0.0,0.06207170214523156,0.011370204405461984,0.006460560928699801,0.06207170214523156,7.050089461462838
